strategy_vol_annual,strategy_sharpe_annual,strategy_max_drawdown,strategy_avg_year_return,SP500_vol_annual,SP500_sharpe_annual,SP500_max_drawdown,SP500_avg_year_return,GOLD_vol_annual,GOLD_sharpe_annual,GOLD_max_drawdown,GOLD_avg_year_return,cum_transaction_cost,cum_ter_cost,nb_switch_sp500,nb_switch_gold
0.11280304858149909,1.24266441112514,0.1806815960251302,0.14017633393864912,0.1528478467634082,0.6438097221085815,0.5255585947031324,0.09840492974964488,0.16719394639594484,0.6926559449357982,0.42012575945959824,0.11580788092842838,0.39900000000000035,0.04830166666666682,25,44
