strategy_vol_annual,strategy_sharpe_annual,strategy_max_drawdown,strategy_avg_year_return,SP500_vol_annual,SP500_sharpe_annual,SP500_max_drawdown,SP500_avg_year_return,GOLD_vol_annual,GOLD_sharpe_annual,GOLD_max_drawdown,GOLD_avg_year_return,cum_transaction_cost,cum_ter_cost,nb_switch_sp500,nb_switch_gold
0.1101805193482629,1.4314118781884428,0.14721482810089154,0.15771370414007507,0.14955707003422505,0.6321369356822104,0.5255585947031325,0.09454054796104476,0.16571037893306634,0.6924253266377272,0.420125759459598,0.11474206325999002,0.6111000000000001,0.05378166666666678,32,44
